0,1,2,3,4,5,6,7,8,9,10,11,Info_window_seq,feat_Perc_Tiny,feat_Perc_Small,feat_Perc_Aliphatic,feat_Perc_Aromatic,feat_Perc_NonPolar,feat_Perc_Polar,feat_Perc_Charged,feat_Perc_Basic,feat_Perc_Acidic
85,47,34,44,82,2,16,54,41,12,1,35,LLLLLLLLDVHIESG,13.333333333333334,26.666666666666668,66.66666666666666,6.666666666666667,73.33333333333333,26.666666666666668,20.0,6.666666666666667,13.333333333333334
74,3,12,1,90,24,72,15,16,11,47,69,LLLLLLLLDVHIESG,13.333333333333334,26.666666666666668,66.66666666666666,6.666666666666667,73.33333333333333,26.666666666666668,20.0,6.666666666666667,13.333333333333334
32,19,77,66,37,8,42,36,32,55,18,13,LLLLLLLLDVHIESG,13.333333333333334,26.666666666666668,66.66666666666666,6.666666666666667,73.33333333333333,26.666666666666668,20.0,6.666666666666667,13.333333333333334
66,66,21,80,29,62,36,59,31,59,51,27,LLLLLLLLDVHIESG,13.333333333333334,26.666666666666668,66.66666666666666,6.666666666666667,73.33333333333333,26.666666666666668,20.0,6.666666666666667,13.333333333333334
65,53,66,8,92,80,28,77,21,21,68,91,LLLLLLLLDVHIESG,13.333333333333334,26.666666666666668,66.66666666666666,6.666666666666667,73.33333333333333,26.666666666666668,20.0,6.666666666666667,13.333333333333334
43,89,79,68,11,52,1,60,27,67,4,7,LLLLLLLLDVHIESG,13.333333333333334,26.666666666666668,66.66666666666666,6.666666666666667,73.33333333333333,26.666666666666668,20.0,6.666666666666667,13.333333333333334
7,28,98,65,6,19,97,66,63,35,59,57,LLLLLLLLDVHIESG,13.333333333333334,26.666666666666668,66.66666666666666,6.666666666666667,73.33333333333333,26.666666666666668,20.0,6.666666666666667,13.333333333333334
31,78,24,79,3,41,63,20,25,64,52,92,LLLLLLLLDVHIESG,13.333333333333334,26.666666666666668,66.66666666666666,6.666666666666667,73.33333333333333,26.666666666666668,20.0,6.666666666666667,13.333333333333334
24,86,74,19,54,18,25,7,17,94,42,33,LLLLLLLLDVHIESG,13.333333333333334,26.666666666666668,66.66666666666666,6.666666666666667,73.33333333333333,26.666666666666668,20.0,6.666666666666667,13.333333333333334
74,16,3,17,7,60,47,68,4,67,3,44,LLLLLLLLDVHIESG,13.333333333333334,26.666666666666668,66.66666666666666,6.666666666666667,73.33333333333333,26.666666666666668,20.0,6.666666666666667,13.333333333333334
84,88,9,76,65,77,54,75,81,81,6,3,LLLLLLLLDVHIESG,13.333333333333334,26.666666666666668,66.66666666666666,6.666666666666667,73.33333333333333,26.666666666666668,20.0,6.666666666666667,13.333333333333334
93,30,69,11,79,54,66,65,99,75,82,61,LLLLLLLLDVHIESG,13.333333333333334,26.666666666666668,66.66666666666666,6.666666666666667,73.33333333333333,26.666666666666668,20.0,6.666666666666667,13.333333333333334
45,1,22,77,50,53,33,90,93,42,59,64,LLLLLLLLDVHIESG,13.333333333333334,26.666666666666668,66.66666666666666,6.666666666666667,73.33333333333333,26.666666666666668,20.0,6.666666666666667,13.333333333333334
9,23,51,25,80,69,19,21,49,11,0,44,LLLLLLLLDVHIESG,13.333333333333334,26.666666666666668,66.66666666666666,6.666666666666667,73.33333333333333,26.666666666666668,20.0,6.666666666666667,13.333333333333334
74,69,29,85,53,23,30,28,38,10,6,83,LLLLLLLLDVHIESG,13.333333333333334,26.666666666666668,66.66666666666666,6.666666666666667,73.33333333333333,26.666666666666668,20.0,6.666666666666667,13.333333333333334
96,44,33,58,60,77,72,44,44,3,17,71,LLLLLLLLDVHIESG,13.333333333333334,26.666666666666668,66.66666666666666,6.666666666666667,73.33333333333333,26.666666666666668,20.0,6.666666666666667,13.333333333333334
85,8,76,83,37,14,43,70,69,61,39,6,LLLLLLLLDVHIESG,13.333333333333334,26.666666666666668,66.66666666666666,6.666666666666667,73.33333333333333,26.666666666666668,20.0,6.666666666666667,13.333333333333334
61,79,22,62,58,88,2,4,44,82,35,33,LLLLLLLLDVHIESG,13.333333333333334,26.666666666666668,66.66666666666666,6.666666666666667,73.33333333333333,26.666666666666668,20.0,6.666666666666667,13.333333333333334
60,19,80,3,66,77,89,10,26,9,7,29,LLLLLLLLDVHIESG,13.333333333333334,26.666666666666668,66.66666666666666,6.666666666666667,73.33333333333333,26.666666666666668,20.0,6.666666666666667,13.333333333333334
46,94,82,69,63,14,45,91,51,19,98,61,LLLLLLLLDVHIESG,13.333333333333334,26.666666666666668,66.66666666666666,6.666666666666667,73.33333333333333,26.666666666666668,20.0,6.666666666666667,13.333333333333334
71,83,52,61,1,42,29,91,16,41,4,41,LLLLLLLLDVHIESG,13.333333333333334,26.666666666666668,66.66666666666666,6.666666666666667,73.33333333333333,26.666666666666668,20.0,6.666666666666667,13.333333333333334
42,19,96,10,6,98,13,90,19,2,8,89,LLLLLLLLDVHIESG,13.333333333333334,26.666666666666668,66.66666666666666,6.666666666666667,73.33333333333333,26.666666666666668,20.0,6.666666666666667,13.333333333333334
21,40,57,34,1,14,66,28,93,89,68,80,LLLLLLLLDVHIESG,13.333333333333334,26.666666666666668,66.66666666666666,6.666666666666667,73.33333333333333,26.666666666666668,20.0,6.666666666666667,13.333333333333334
57,70,6,53,76,52,50,68,89,4,90,4,LLLLLLLLDVHIESG,13.333333333333334,26.666666666666668,66.66666666666666,6.666666666666667,73.33333333333333,26.666666666666668,20.0,6.666666666666667,13.333333333333334
84,94,68,25,37,15,37,59,84,19,85,48,LLLLLLLLDVHIESG,13.333333333333334,26.666666666666668,66.66666666666666,6.666666666666667,73.33333333333333,26.666666666666668,20.0,6.666666666666667,13.333333333333334
37,99,66,82,12,34,7,99,21,27,92,91,LLLLLLLLDVHIESG,13.333333333333334,26.666666666666668,66.66666666666666,6.666666666666667,73.33333333333333,26.666666666666668,20.0,6.666666666666667,13.333333333333334
49,86,87,38,11,92,5,87,15,67,45,23,LLLLLLLLDVHIESG,13.333333333333334,26.666666666666668,66.66666666666666,6.666666666666667,73.33333333333333,26.666666666666668,20.0,6.666666666666667,13.333333333333334
61,56,17,11,73,84,42,31,45,23,55,16,LLLLLLLLDVHIESG,13.333333333333334,26.666666666666668,66.66666666666666,6.666666666666667,73.33333333333333,26.666666666666668,20.0,6.666666666666667,13.333333333333334
23,6,21,96,68,15,40,13,21,71,57,3,LLLLLLLLDVHIESG,13.333333333333334,26.666666666666668,66.66666666666666,6.666666666666667,73.33333333333333,26.666666666666668,20.0,6.666666666666667,13.333333333333334
72,85,29,35,67,20,65,96,74,7,68,15,LLLLLLLLDVHIESG,13.333333333333334,26.666666666666668,66.66666666666666,6.666666666666667,73.33333333333333,26.666666666666668,20.0,6.666666666666667,13.333333333333334
72,20,53,12,53,35,59,10,31,57,90,71,LLLLLLLLDVHIESG,13.333333333333334,26.666666666666668,66.66666666666666,6.666666666666667,73.33333333333333,26.666666666666668,20.0,6.666666666666667,13.333333333333334
89,24,95,76,70,46,27,59,28,82,88,68,LLLLLLLLDVHIESG,13.333333333333334,26.666666666666668,66.66666666666666,6.666666666666667,73.33333333333333,26.666666666666668,20.0,6.666666666666667,13.333333333333334
22,12,9,72,11,6,35,64,23,20,69,98,LLLLLLLLDVHIESG,13.333333333333334,26.666666666666668,66.66666666666666,6.666666666666667,73.33333333333333,26.666666666666668,20.0,6.666666666666667,13.333333333333334
82,94,34,66,57,14,26,91,21,75,94,17,LLLLLLLLDVHIESG,13.333333333333334,26.666666666666668,66.66666666666666,6.666666666666667,73.33333333333333,26.666666666666668,20.0,6.666666666666667,13.333333333333334
16,2,26,82,77,16,57,71,69,3,71,13,LLLLLLLLDVHIESG,13.333333333333334,26.666666666666668,66.66666666666666,6.666666666666667,73.33333333333333,26.666666666666668,20.0,6.666666666666667,13.333333333333334
78,39,1,72,95,85,7,12,93,58,66,80,LLLLLLLLDVHIESG,13.333333333333334,26.666666666666668,66.66666666666666,6.666666666666667,73.33333333333333,26.666666666666668,20.0,6.666666666666667,13.333333333333334
65,28,19,34,85,92,58,17,44,38,59,96,LLLLLLLLDVHIESG,13.333333333333334,26.666666666666668,66.66666666666666,6.666666666666667,73.33333333333333,26.666666666666668,20.0,6.666666666666667,13.333333333333334
80,79,69,3,28,26,61,7,0,86,51,74,LLLLLLLLDVHIESG,13.333333333333334,26.666666666666668,66.66666666666666,6.666666666666667,73.33333333333333,26.666666666666668,20.0,6.666666666666667,13.333333333333334
50,97,70,21,17,11,33,1,68,34,41,5,LLLLLLLLDVHIESG,13.333333333333334,26.666666666666668,66.66666666666666,6.666666666666667,73.33333333333333,26.666666666666668,20.0,6.666666666666667,13.333333333333334
39,3,96,64,61,87,21,59,91,98,34,36,LLLLLLLLDVHIESG,13.333333333333334,26.666666666666668,66.66666666666666,6.666666666666667,73.33333333333333,26.666666666666668,20.0,6.666666666666667,13.333333333333334
73,88,94,6,41,50,45,9,35,72,17,2,LLLLLLLLDVHIESG,13.333333333333334,26.666666666666668,66.66666666666666,6.666666666666667,73.33333333333333,26.666666666666668,20.0,6.666666666666667,13.333333333333334
20,36,46,43,31,28,4,48,44,66,94,85,LLLLLLLLDVHIESG,13.333333333333334,26.666666666666668,66.66666666666666,6.666666666666667,73.33333333333333,26.666666666666668,20.0,6.666666666666667,13.333333333333334
11,49,24,0,70,48,14,95,52,38,75,65,LLLLLLLLDVHIESG,13.333333333333334,26.666666666666668,66.66666666666666,6.666666666666667,73.33333333333333,26.666666666666668,20.0,6.666666666666667,13.333333333333334
5,11,78,6,14,82,37,95,12,53,35,83,LLLLLLLLDVHIESG,13.333333333333334,26.666666666666668,66.66666666666666,6.666666666666667,73.33333333333333,26.666666666666668,20.0,6.666666666666667,13.333333333333334
45,67,15,63,36,77,72,84,85,84,28,75,LLLLLLLLDVHIESG,13.333333333333334,26.666666666666668,66.66666666666666,6.666666666666667,73.33333333333333,26.666666666666668,20.0,6.666666666666667,13.333333333333334
92,3,30,86,22,0,58,20,20,73,94,74,LLLLLLLLDVHIESG,13.333333333333334,26.666666666666668,66.66666666666666,6.666666666666667,73.33333333333333,26.666666666666668,20.0,6.666666666666667,13.333333333333334
51,71,10,31,32,66,9,70,81,62,39,66,LLLLLLLLDVHIESG,13.333333333333334,26.666666666666668,66.66666666666666,6.666666666666667,73.33333333333333,26.666666666666668,20.0,6.666666666666667,13.333333333333334
8,57,7,55,62,10,31,8,37,72,8,70,LLLLLLLLDVHIESG,13.333333333333334,26.666666666666668,66.66666666666666,6.666666666666667,73.33333333333333,26.666666666666668,20.0,6.666666666666667,13.333333333333334
37,73,14,79,12,42,16,20,28,47,80,19,LLLLLLLLDVHIESG,13.333333333333334,26.666666666666668,66.66666666666666,6.666666666666667,73.33333333333333,26.666666666666668,20.0,6.666666666666667,13.333333333333334
70,56,89,49,82,58,59,18,63,52,15,79,LLLLLLLLDVHIESG,13.333333333333334,26.666666666666668,66.66666666666666,6.666666666666667,73.33333333333333,26.666666666666668,20.0,6.666666666666667,13.333333333333334
45,14,70,31,15,35,36,27,36,77,37,1,LLLLLLLLDVHIESG,13.333333333333334,26.666666666666668,66.66666666666666,6.666666666666667,73.33333333333333,26.666666666666668,20.0,6.666666666666667,13.333333333333334
52,35,34,97,56,76,28,17,21,21,62,84,LLLLLLLLDVHIESG,13.333333333333334,26.666666666666668,66.66666666666666,6.666666666666667,73.33333333333333,26.666666666666668,20.0,6.666666666666667,13.333333333333334
74,2,95,75,60,50,87,34,21,8,6,80,LLLLLLLLDVHIESG,13.333333333333334,26.666666666666668,66.66666666666666,6.666666666666667,73.33333333333333,26.666666666666668,20.0,6.666666666666667,13.333333333333334
9,59,54,0,59,52,41,70,1,70,38,75,LLLLLLLLDVHIESG,13.333333333333334,26.666666666666668,66.66666666666666,6.666666666666667,73.33333333333333,26.666666666666668,20.0,6.666666666666667,13.333333333333334
75,29,83,15,25,70,20,66,46,81,77,63,LLLLLLLLDVHIESG,13.333333333333334,26.666666666666668,66.66666666666666,6.666666666666667,73.33333333333333,26.666666666666668,20.0,6.666666666666667,13.333333333333334
45,61,97,8,67,74,26,43,30,55,77,0,LLLLLLLLDVHIESG,13.333333333333334,26.666666666666668,66.66666666666666,6.666666666666667,73.33333333333333,26.666666666666668,20.0,6.666666666666667,13.333333333333334
41,35,32,22,78,24,72,9,71,74,10,33,LLLLLLLLDVHIESG,13.333333333333334,26.666666666666668,66.66666666666666,6.666666666666667,73.33333333333333,26.666666666666668,20.0,6.666666666666667,13.333333333333334
99,7,76,19,31,69,65,19,92,25,60,13,LLLLLLLLDVHIESG,13.333333333333334,26.666666666666668,66.66666666666666,6.666666666666667,73.33333333333333,26.666666666666668,20.0,6.666666666666667,13.333333333333334
50,35,63,4,37,26,56,75,46,96,92,57,LLLLLLLLDVHIESG,13.333333333333334,26.666666666666668,66.66666666666666,6.666666666666667,73.33333333333333,26.666666666666668,20.0,6.666666666666667,13.333333333333334
76,91,74,89,13,8,18,80,77,10,15,95,LLLLLLLLDVHIESG,13.333333333333334,26.666666666666668,66.66666666666666,6.666666666666667,73.33333333333333,26.666666666666668,20.0,6.666666666666667,13.333333333333334
25,48,73,29,8,26,88,78,28,63,21,53,LLLLLLLLDVHIESG,13.333333333333334,26.666666666666668,66.66666666666666,6.666666666666667,73.33333333333333,26.666666666666668,20.0,6.666666666666667,13.333333333333334
21,72,51,50,89,66,37,79,38,85,94,73,LLLLLLLLDVHIESG,13.333333333333334,26.666666666666668,66.66666666666666,6.666666666666667,73.33333333333333,26.666666666666668,20.0,6.666666666666667,13.333333333333334
6,77,27,55,80,24,70,98,95,44,82,64,LLLLLLLLDVHIESG,13.333333333333334,26.666666666666668,66.66666666666666,6.666666666666667,73.33333333333333,26.666666666666668,20.0,6.666666666666667,13.333333333333334
29,57,67,88,81,66,76,42,63,58,62,54,LLLLLLLLDVHIESG,13.333333333333334,26.666666666666668,66.66666666666666,6.666666666666667,73.33333333333333,26.666666666666668,20.0,6.666666666666667,13.333333333333334
58,48,84,53,20,40,54,24,28,94,58,63,LLLLLLLLDVHIESG,13.333333333333334,26.666666666666668,66.66666666666666,6.666666666666667,73.33333333333333,26.666666666666668,20.0,6.666666666666667,13.333333333333334
55,60,96,6,23,40,78,43,20,24,92,14,LLLLLLLLDVHIESG,13.333333333333334,26.666666666666668,66.66666666666666,6.666666666666667,73.33333333333333,26.666666666666668,20.0,6.666666666666667,13.333333333333334
32,72,82,99,72,94,84,2,14,1,73,32,LLLLLLLLDVHIESG,13.333333333333334,26.666666666666668,66.66666666666666,6.666666666666667,73.33333333333333,26.666666666666668,20.0,6.666666666666667,13.333333333333334
41,36,38,39,11,37,30,36,94,68,78,85,LLLLLLLLDVHIESG,13.333333333333334,26.666666666666668,66.66666666666666,6.666666666666667,73.33333333333333,26.666666666666668,20.0,6.666666666666667,13.333333333333334
37,59,23,89,62,69,66,76,1,9,4,94,LLLLLLLLDVHIESG,13.333333333333334,26.666666666666668,66.66666666666666,6.666666666666667,73.33333333333333,26.666666666666668,20.0,6.666666666666667,13.333333333333334
25,78,65,57,55,48,99,83,96,27,57,84,LLLLLLLLDVHIESG,13.333333333333334,26.666666666666668,66.66666666666666,6.666666666666667,73.33333333333333,26.666666666666668,20.0,6.666666666666667,13.333333333333334
88,36,23,30,86,89,60,6,7,39,24,57,LLLLLLLLDVHIESG,13.333333333333334,26.666666666666668,66.66666666666666,6.666666666666667,73.33333333333333,26.666666666666668,20.0,6.666666666666667,13.333333333333334
7,24,85,85,3,52,39,57,14,93,91,10,LLLLLLLLDVHIESG,13.333333333333334,26.666666666666668,66.66666666666666,6.666666666666667,73.33333333333333,26.666666666666668,20.0,6.666666666666667,13.333333333333334
94,19,47,8,73,75,78,79,7,38,4,6,LLLLLLLLDVHIESG,13.333333333333334,26.666666666666668,66.66666666666666,6.666666666666667,73.33333333333333,26.666666666666668,20.0,6.666666666666667,13.333333333333334
91,32,28,30,7,11,11,8,0,13,96,79,LLLLLLLLDVHIESG,13.333333333333334,26.666666666666668,66.66666666666666,6.666666666666667,73.33333333333333,26.666666666666668,20.0,6.666666666666667,13.333333333333334
11,95,22,50,55,35,44,79,83,44,87,36,LLLLLLLLDVHIESG,13.333333333333334,26.666666666666668,66.66666666666666,6.666666666666667,73.33333333333333,26.666666666666668,20.0,6.666666666666667,13.333333333333334
2,94,18,83,55,42,20,30,14,8,58,23,LLLLLLLLDVHIESG,13.333333333333334,26.666666666666668,66.66666666666666,6.666666666666667,73.33333333333333,26.666666666666668,20.0,6.666666666666667,13.333333333333334
84,73,2,75,77,3,71,95,58,94,96,18,LLLLLLLLDVHIESG,13.333333333333334,26.666666666666668,66.66666666666666,6.666666666666667,73.33333333333333,26.666666666666668,20.0,6.666666666666667,13.333333333333334
33,21,29,74,10,39,94,5,83,46,74,47,LLLLLLLLDVHIESG,13.333333333333334,26.666666666666668,66.66666666666666,6.666666666666667,73.33333333333333,26.666666666666668,20.0,6.666666666666667,13.333333333333334
78,8,38,20,44,12,18,76,34,29,43,9,LLLLLLLLDVHIESG,13.333333333333334,26.666666666666668,66.66666666666666,6.666666666666667,73.33333333333333,26.666666666666668,20.0,6.666666666666667,13.333333333333334
37,8,91,60,9,53,78,95,63,99,0,79,LLLLLLLLDVHIESG,13.333333333333334,26.666666666666668,66.66666666666666,6.666666666666667,73.33333333333333,26.666666666666668,20.0,6.666666666666667,13.333333333333334
98,81,73,89,91,50,71,68,20,27,11,84,LLLLLLLLDVHIESG,13.333333333333334,26.666666666666668,66.66666666666666,6.666666666666667,73.33333333333333,26.666666666666668,20.0,6.666666666666667,13.333333333333334
31,14,89,46,69,96,34,60,30,39,17,93,LLLLLLLLDVHIESG,13.333333333333334,26.666666666666668,66.66666666666666,6.666666666666667,73.33333333333333,26.666666666666668,20.0,6.666666666666667,13.333333333333334
3,41,24,97,14,4,90,94,62,99,79,89,LLLLLLLLDVHIESG,13.333333333333334,26.666666666666668,66.66666666666666,6.666666666666667,73.33333333333333,26.666666666666668,20.0,6.666666666666667,13.333333333333334
39,28,79,12,94,39,49,1,51,25,78,2,LLLLLLLLDVHIESG,13.333333333333334,26.666666666666668,66.66666666666666,6.666666666666667,73.33333333333333,26.666666666666668,20.0,6.666666666666667,13.333333333333334
14,52,52,11,2,76,28,95,38,73,58,34,LLLLLLLLDVHIESG,13.333333333333334,26.666666666666668,66.66666666666666,6.666666666666667,73.33333333333333,26.666666666666668,20.0,6.666666666666667,13.333333333333334
51,86,63,38,87,70,83,96,79,56,28,3,LLLLLLLLDVHIESG,13.333333333333334,26.666666666666668,66.66666666666666,6.666666666666667,73.33333333333333,26.666666666666668,20.0,6.666666666666667,13.333333333333334
82,9,11,3,67,34,85,13,94,47,64,9,LLLLLLLLDVHIESG,13.333333333333334,26.666666666666668,66.66666666666666,6.666666666666667,73.33333333333333,26.666666666666668,20.0,6.666666666666667,13.333333333333334
39,56,9,65,63,28,55,86,44,63,81,2,LLLLLLLLDVHIESG,13.333333333333334,26.666666666666668,66.66666666666666,6.666666666666667,73.33333333333333,26.666666666666668,20.0,6.666666666666667,13.333333333333334
50,28,30,96,74,78,37,15,65,63,29,20,LLLLLLLLDVHIESG,13.333333333333334,26.666666666666668,66.66666666666666,6.666666666666667,73.33333333333333,26.666666666666668,20.0,6.666666666666667,13.333333333333334
80,42,20,48,4,53,2,94,18,79,64,33,LLLLLLLLDVHIESG,13.333333333333334,26.666666666666668,66.66666666666666,6.666666666666667,73.33333333333333,26.666666666666668,20.0,6.666666666666667,13.333333333333334
4,60,0,71,2,15,81,32,86,50,94,58,LLLLLLLLDVHIESG,13.333333333333334,26.666666666666668,66.66666666666666,6.666666666666667,73.33333333333333,26.666666666666668,20.0,6.666666666666667,13.333333333333334
30,19,97,36,79,42,63,14,82,54,22,77,LLLLLLLLDVHIESG,13.333333333333334,26.666666666666668,66.66666666666666,6.666666666666667,73.33333333333333,26.666666666666668,20.0,6.666666666666667,13.333333333333334
24,2,46,84,10,74,1,29,71,3,38,66,LLLLLLLLDVHIESG,13.333333333333334,26.666666666666668,66.66666666666666,6.666666666666667,73.33333333333333,26.666666666666668,20.0,6.666666666666667,13.333333333333334
27,22,7,15,33,94,19,58,64,95,69,13,LLLLLLLLDVHIESG,13.333333333333334,26.666666666666668,66.66666666666666,6.666666666666667,73.33333333333333,26.666666666666668,20.0,6.666666666666667,13.333333333333334
14,30,85,8,29,16,84,17,78,12,6,35,LLLLLLLLDVHIESG,13.333333333333334,26.666666666666668,66.66666666666666,6.666666666666667,73.33333333333333,26.666666666666668,20.0,6.666666666666667,13.333333333333334
95,7,50,92,51,0,89,96,61,74,93,3,LLLLLLLLDVHIESG,13.333333333333334,26.666666666666668,66.66666666666666,6.666666666666667,73.33333333333333,26.666666666666668,20.0,6.666666666666667,13.333333333333334
84,81,23,37,65,81,4,51,46,21,60,63,LLLLLLLLDVHIESG,13.333333333333334,26.666666666666668,66.66666666666666,6.666666666666667,73.33333333333333,26.666666666666668,20.0,6.666666666666667,13.333333333333334
77,96,52,3,94,8,14,71,83,33,8,24,LLLLLLLLDVHIESG,13.333333333333334,26.666666666666668,66.66666666666666,6.666666666666667,73.33333333333333,26.666666666666668,20.0,6.666666666666667,13.333333333333334
52,6,58,68,17,44,27,11,24,84,7,59,LLLLLLLLDVHIESG,13.333333333333334,26.666666666666668,66.66666666666666,6.666666666666667,73.33333333333333,26.666666666666668,20.0,6.666666666666667,13.333333333333334
77,4,97,74,30,90,41,36,70,44,78,19,LLLLLLLLDVHIESG,13.333333333333334,26.666666666666668,66.66666666666666,6.666666666666667,73.33333333333333,26.666666666666668,20.0,6.666666666666667,13.333333333333334
14,72,56,68,30,50,91,17,33,20,73,77,LLLLLLLLDVHIESG,13.333333333333334,26.666666666666668,66.66666666666666,6.666666666666667,73.33333333333333,26.666666666666668,20.0,6.666666666666667,13.333333333333334
82,72,63,73,65,69,45,77,51,86,35,99,LLLLLLLLDVHIESG,13.333333333333334,26.666666666666668,66.66666666666666,6.666666666666667,73.33333333333333,26.666666666666668,20.0,6.666666666666667,13.333333333333334
93,29,60,1,61,10,96,74,58,43,43,71,LLLLLLLLDVHIESG,13.333333333333334,26.666666666666668,66.66666666666666,6.666666666666667,73.33333333333333,26.666666666666668,20.0,6.666666666666667,13.333333333333334
5,92,63,34,86,45,84,45,70,38,99,6,LLLLLLLLDVHIESG,13.333333333333334,26.666666666666668,66.66666666666666,6.666666666666667,73.33333333333333,26.666666666666668,20.0,6.666666666666667,13.333333333333334
38,94,53,84,94,84,45,66,8,48,48,83,LLLLLLLLDVHIESG,13.333333333333334,26.666666666666668,66.66666666666666,6.666666666666667,73.33333333333333,26.666666666666668,20.0,6.666666666666667,13.333333333333334
88,84,4,67,75,17,79,18,77,2,24,72,LLLLLLLLDVHIESG,13.333333333333334,26.666666666666668,66.66666666666666,6.666666666666667,73.33333333333333,26.666666666666668,20.0,6.666666666666667,13.333333333333334
88,62,15,80,27,88,33,53,78,61,92,55,LLLLLLLLDVHIESG,13.333333333333334,26.666666666666668,66.66666666666666,6.666666666666667,73.33333333333333,26.666666666666668,20.0,6.666666666666667,13.333333333333334
67,2,55,19,7,36,2,45,39,13,36,1,LLLLLLLLDVHIESG,13.333333333333334,26.666666666666668,66.66666666666666,6.666666666666667,73.33333333333333,26.666666666666668,20.0,6.666666666666667,13.333333333333334
46,9,98,55,2,21,59,23,97,37,37,38,LLLLLLLLDVHIESG,13.333333333333334,26.666666666666668,66.66666666666666,6.666666666666667,73.33333333333333,26.666666666666668,20.0,6.666666666666667,13.333333333333334
67,56,29,7,40,1,15,85,24,20,77,33,LLLLLLLLDVHIESG,13.333333333333334,26.666666666666668,66.66666666666666,6.666666666666667,73.33333333333333,26.666666666666668,20.0,6.666666666666667,13.333333333333334
39,23,93,56,72,85,55,70,58,96,11,62,LLLLLLLLDVHIESG,13.333333333333334,26.666666666666668,66.66666666666666,6.666666666666667,73.33333333333333,26.666666666666668,20.0,6.666666666666667,13.333333333333334
9,48,19,37,8,21,82,81,95,98,18,29,LLLLLLLLDVHIESG,13.333333333333334,26.666666666666668,66.66666666666666,6.666666666666667,73.33333333333333,26.666666666666668,20.0,6.666666666666667,13.333333333333334
23,18,52,88,82,74,73,18,95,48,83,57,LLLLLLLLDVHIESG,13.333333333333334,26.666666666666668,66.66666666666666,6.666666666666667,73.33333333333333,26.666666666666668,20.0,6.666666666666667,13.333333333333334
4,12,94,10,21,71,77,2,29,87,33,77,LLLLLLLLDVHIESG,13.333333333333334,26.666666666666668,66.66666666666666,6.666666666666667,73.33333333333333,26.666666666666668,20.0,6.666666666666667,13.333333333333334
37,54,70,7,5,44,46,16,91,51,0,11,LLLLLLLLDVHIESG,13.333333333333334,26.666666666666668,66.66666666666666,6.666666666666667,73.33333333333333,26.666666666666668,20.0,6.666666666666667,13.333333333333334
16,46,91,73,32,95,23,92,8,41,58,22,LLLLLLLLDVHIESG,13.333333333333334,26.666666666666668,66.66666666666666,6.666666666666667,73.33333333333333,26.666666666666668,20.0,6.666666666666667,13.333333333333334
25,80,23,61,71,66,20,83,75,65,78,83,LLLLLLLLDVHIESG,13.333333333333334,26.666666666666668,66.66666666666666,6.666666666666667,73.33333333333333,26.666666666666668,20.0,6.666666666666667,13.333333333333334
48,74,78,7,92,71,75,61,95,53,24,47,LLLLLLLLDVHIESG,13.333333333333334,26.666666666666668,66.66666666666666,6.666666666666667,73.33333333333333,26.666666666666668,20.0,6.666666666666667,13.333333333333334
13,59,53,17,93,15,17,1,3,80,28,4,LLLLLLLLDVHIESG,13.333333333333334,26.666666666666668,66.66666666666666,6.666666666666667,73.33333333333333,26.666666666666668,20.0,6.666666666666667,13.333333333333334
11,60,1,8,38,43,50,94,83,89,90,68,LLLLLLLLDVHIESG,13.333333333333334,26.666666666666668,66.66666666666666,6.666666666666667,73.33333333333333,26.666666666666668,20.0,6.666666666666667,13.333333333333334
18,18,99,84,88,18,60,61,37,44,76,92,LLLLLLLLDVHIESG,13.333333333333334,26.666666666666668,66.66666666666666,6.666666666666667,73.33333333333333,26.666666666666668,20.0,6.666666666666667,13.333333333333334
59,53,1,79,74,68,21,44,34,90,78,81,LLLLLLLLDVHIESG,13.333333333333334,26.666666666666668,66.66666666666666,6.666666666666667,73.33333333333333,26.666666666666668,20.0,6.666666666666667,13.333333333333334
66,64,2,83,90,66,56,85,90,4,30,85,LLLLLLLLDVHIESG,13.333333333333334,26.666666666666668,66.66666666666666,6.666666666666667,73.33333333333333,26.666666666666668,20.0,6.666666666666667,13.333333333333334
16,60,82,54,49,61,11,3,81,48,39,79,LLLLLLLLDVHIESG,13.333333333333334,26.666666666666668,66.66666666666666,6.666666666666667,73.33333333333333,26.666666666666668,20.0,6.666666666666667,13.333333333333334
82,57,63,52,51,82,21,86,60,95,13,70,LLLLLLLLDVHIESG,13.333333333333334,26.666666666666668,66.66666666666666,6.666666666666667,73.33333333333333,26.666666666666668,20.0,6.666666666666667,13.333333333333334
58,83,12,11,6,82,97,62,52,84,85,46,LLLLLLLLDVHIESG,13.333333333333334,26.666666666666668,66.66666666666666,6.666666666666667,73.33333333333333,26.666666666666668,20.0,6.666666666666667,13.333333333333334
9,43,69,18,21,93,98,68,70,31,20,8,LLLLLLLLDVHIESG,13.333333333333334,26.666666666666668,66.66666666666666,6.666666666666667,73.33333333333333,26.666666666666668,20.0,6.666666666666667,13.333333333333334
95,93,59,82,95,30,54,19,89,69,35,56,LLLLLLLLDVHIESG,13.333333333333334,26.666666666666668,66.66666666666666,6.666666666666667,73.33333333333333,26.666666666666668,20.0,6.666666666666667,13.333333333333334
56,85,53,92,33,23,89,80,81,45,68,75,LLLLLLLLDVHIESG,13.333333333333334,26.666666666666668,66.66666666666666,6.666666666666667,73.33333333333333,26.666666666666668,20.0,6.666666666666667,13.333333333333334
11,75,97,55,49,19,12,39,71,93,23,20,LLLLLLLLDVHIESG,13.333333333333334,26.666666666666668,66.66666666666666,6.666666666666667,73.33333333333333,26.666666666666668,20.0,6.666666666666667,13.333333333333334
59,14,43,87,97,39,20,69,58,99,67,86,LLLLLLLLDVHIESG,13.333333333333334,26.666666666666668,66.66666666666666,6.666666666666667,73.33333333333333,26.666666666666668,20.0,6.666666666666667,13.333333333333334
38,56,16,41,74,76,9,13,89,89,94,43,LLLLLLLLDVHIESG,13.333333333333334,26.666666666666668,66.66666666666666,6.666666666666667,73.33333333333333,26.666666666666668,20.0,6.666666666666667,13.333333333333334
40,75,10,48,64,34,31,38,62,77,20,25,LLLLLLLLDVHIESG,13.333333333333334,26.666666666666668,66.66666666666666,6.666666666666667,73.33333333333333,26.666666666666668,20.0,6.666666666666667,13.333333333333334
98,12,4,13,72,34,35,46,60,76,20,10,LLLLLLLLDVHIESG,13.333333333333334,26.666666666666668,66.66666666666666,6.666666666666667,73.33333333333333,26.666666666666668,20.0,6.666666666666667,13.333333333333334
4,20,81,68,16,13,62,71,52,84,99,27,LLLLLLLLDVHIESG,13.333333333333334,26.666666666666668,66.66666666666666,6.666666666666667,73.33333333333333,26.666666666666668,20.0,6.666666666666667,13.333333333333334
77,7,32,88,62,32,41,17,88,98,51,8,LLLLLLLLDVHIESG,13.333333333333334,26.666666666666668,66.66666666666666,6.666666666666667,73.33333333333333,26.666666666666668,20.0,6.666666666666667,13.333333333333334
7,55,70,18,19,18,92,85,79,9,62,4,LLLLLLLLDVHIESG,13.333333333333334,26.666666666666668,66.66666666666666,6.666666666666667,73.33333333333333,26.666666666666668,20.0,6.666666666666667,13.333333333333334
18,88,35,12,36,84,55,11,28,99,26,83,LLLLLLLLDVHIESG,13.333333333333334,26.666666666666668,66.66666666666666,6.666666666666667,73.33333333333333,26.666666666666668,20.0,6.666666666666667,13.333333333333334
3,68,10,35,3,12,80,25,41,25,86,89,LLLLLLLLDVHIESG,13.333333333333334,26.666666666666668,66.66666666666666,6.666666666666667,73.33333333333333,26.666666666666668,20.0,6.666666666666667,13.333333333333334
21,55,29,20,13,73,88,9,91,34,95,1,LLLLLLLLDVHIESG,13.333333333333334,26.666666666666668,66.66666666666666,6.666666666666667,73.33333333333333,26.666666666666668,20.0,6.666666666666667,13.333333333333334
5,78,24,9,61,54,15,60,49,60,7,14,LLLLLLLLDVHIESG,13.333333333333334,26.666666666666668,66.66666666666666,6.666666666666667,73.33333333333333,26.666666666666668,20.0,6.666666666666667,13.333333333333334
0,93,65,17,93,43,52,64,1,0,20,62,LLLLLLLLDVHIESG,13.333333333333334,26.666666666666668,66.66666666666666,6.666666666666667,73.33333333333333,26.666666666666668,20.0,6.666666666666667,13.333333333333334
78,16,13,65,9,20,72,85,24,13,84,25,LLLLLLLLDVHIESG,13.333333333333334,26.666666666666668,66.66666666666666,6.666666666666667,73.33333333333333,26.666666666666668,20.0,6.666666666666667,13.333333333333334
16,17,80,1,51,83,37,88,2,19,85,23,LLLLLLLLDVHIESG,13.333333333333334,26.666666666666668,66.66666666666666,6.666666666666667,73.33333333333333,26.666666666666668,20.0,6.666666666666667,13.333333333333334
96,97,32,44,53,10,3,38,89,24,86,53,LLLLLLLLDVHIESG,13.333333333333334,26.666666666666668,66.66666666666666,6.666666666666667,73.33333333333333,26.666666666666668,20.0,6.666666666666667,13.333333333333334
52,84,95,72,8,64,16,17,67,10,83,24,LLLLLLLLDVHIESG,13.333333333333334,26.666666666666668,66.66666666666666,6.666666666666667,73.33333333333333,26.666666666666668,20.0,6.666666666666667,13.333333333333334
90,65,27,63,77,56,99,65,8,63,30,6,LLLLLLLLDVHIESG,13.333333333333334,26.666666666666668,66.66666666666666,6.666666666666667,73.33333333333333,26.666666666666668,20.0,6.666666666666667,13.333333333333334
68,57,47,77,19,83,6,76,52,59,87,72,LLLLLLLLDVHIESG,13.333333333333334,26.666666666666668,66.66666666666666,6.666666666666667,73.33333333333333,26.666666666666668,20.0,6.666666666666667,13.333333333333334
19,60,3,44,86,91,22,3,76,46,26,96,LLLLLLLLDVHIESG,13.333333333333334,26.666666666666668,66.66666666666666,6.666666666666667,73.33333333333333,26.666666666666668,20.0,6.666666666666667,13.333333333333334
38,7,59,26,96,51,65,11,87,3,1,93,LLLLLLLLDVHIESG,13.333333333333334,26.666666666666668,66.66666666666666,6.666666666666667,73.33333333333333,26.666666666666668,20.0,6.666666666666667,13.333333333333334
13,62,77,91,22,40,47,62,5,96,70,62,LLLLLLLLDVHIESG,13.333333333333334,26.666666666666668,66.66666666666666,6.666666666666667,73.33333333333333,26.666666666666668,20.0,6.666666666666667,13.333333333333334
69,38,95,46,95,84,33,0,25,6,63,64,LLLLLLLLDVHIESG,13.333333333333334,26.666666666666668,66.66666666666666,6.666666666666667,73.33333333333333,26.666666666666668,20.0,6.666666666666667,13.333333333333334
96,3,46,2,34,76,86,29,20,92,28,12,LLLLLLLLDVHIESG,13.333333333333334,26.666666666666668,66.66666666666666,6.666666666666667,73.33333333333333,26.666666666666668,20.0,6.666666666666667,13.333333333333334
87,27,41,79,89,31,31,98,35,38,38,18,LLLLLLLLDVHIESG,13.333333333333334,26.666666666666668,66.66666666666666,6.666666666666667,73.33333333333333,26.666666666666668,20.0,6.666666666666667,13.333333333333334
92,35,84,84,44,2,89,8,81,73,34,47,LLLLLLLLDVHIESG,13.333333333333334,26.666666666666668,66.66666666666666,6.666666666666667,73.33333333333333,26.666666666666668,20.0,6.666666666666667,13.333333333333334
17,59,40,36,31,75,68,98,10,95,92,24,LLLLLLLLDVHIESG,13.333333333333334,26.666666666666668,66.66666666666666,6.666666666666667,73.33333333333333,26.666666666666668,20.0,6.666666666666667,13.333333333333334
91,97,29,76,74,93,87,8,83,39,69,98,LLLLLLLLDVHIESG,13.333333333333334,26.666666666666668,66.66666666666666,6.666666666666667,73.33333333333333,26.666666666666668,20.0,6.666666666666667,13.333333333333334
44,0,73,14,85,33,29,4,34,36,15,12,LLLLLLLLDVHIESG,13.333333333333334,26.666666666666668,66.66666666666666,6.666666666666667,73.33333333333333,26.666666666666668,20.0,6.666666666666667,13.333333333333334
68,24,17,9,6,36,0,35,15,85,17,4,LLLLLLLLDVHIESG,13.333333333333334,26.666666666666668,66.66666666666666,6.666666666666667,73.33333333333333,26.666666666666668,20.0,6.666666666666667,13.333333333333334
82,8,3,92,92,62,14,76,99,41,78,1,LLLLLLLLDVHIESG,13.333333333333334,26.666666666666668,66.66666666666666,6.666666666666667,73.33333333333333,26.666666666666668,20.0,6.666666666666667,13.333333333333334
22,2,71,2,10,91,19,8,63,12,53,56,LLLLLLLLDVHIESG,13.333333333333334,26.666666666666668,66.66666666666666,6.666666666666667,73.33333333333333,26.666666666666668,20.0,6.666666666666667,13.333333333333334
31,72,69,85,76,16,26,43,59,75,73,6,LLLLLLLLDVHIESG,13.333333333333334,26.666666666666668,66.66666666666666,6.666666666666667,73.33333333333333,26.666666666666668,20.0,6.666666666666667,13.333333333333334
21,70,32,10,25,61,19,75,70,38,70,25,LLLLLLLLDVHIESG,13.333333333333334,26.666666666666668,66.66666666666666,6.666666666666667,73.33333333333333,26.666666666666668,20.0,6.666666666666667,13.333333333333334
74,92,47,55,6,26,32,10,42,36,34,19,LLLLLLLLDVHIESG,13.333333333333334,26.666666666666668,66.66666666666666,6.666666666666667,73.33333333333333,26.666666666666668,20.0,6.666666666666667,13.333333333333334
34,63,3,75,34,78,4,73,18,14,26,79,LLLLLLLLDVHIESG,13.333333333333334,26.666666666666668,66.66666666666666,6.666666666666667,73.33333333333333,26.666666666666668,20.0,6.666666666666667,13.333333333333334
3,22,71,24,13,95,64,8,30,62,93,94,LLLLLLLLDVHIESG,13.333333333333334,26.666666666666668,66.66666666666666,6.666666666666667,73.33333333333333,26.666666666666668,20.0,6.666666666666667,13.333333333333334
74,56,0,42,61,27,93,66,63,12,90,75,LLLLLLLLDVHIESG,13.333333333333334,26.666666666666668,66.66666666666666,6.666666666666667,73.33333333333333,26.666666666666668,20.0,6.666666666666667,13.333333333333334
99,69,47,52,27,95,85,10,8,87,84,61,LLLLLLLLDVHIESG,13.333333333333334,26.666666666666668,66.66666666666666,6.666666666666667,73.33333333333333,26.666666666666668,20.0,6.666666666666667,13.333333333333334
88,4,3,20,91,43,19,53,24,88,90,64,LLLLLLLLDVHIESG,13.333333333333334,26.666666666666668,66.66666666666666,6.666666666666667,73.33333333333333,26.666666666666668,20.0,6.666666666666667,13.333333333333334
45,45,33,57,77,41,15,57,55,21,17,35,LLLLLLLLDVHIESG,13.333333333333334,26.666666666666668,66.66666666666666,6.666666666666667,73.33333333333333,26.666666666666668,20.0,6.666666666666667,13.333333333333334
79,15,15,69,38,60,82,77,69,2,97,88,LLLLLLLLDVHIESG,13.333333333333334,26.666666666666668,66.66666666666666,6.666666666666667,73.33333333333333,26.666666666666668,20.0,6.666666666666667,13.333333333333334
63,25,0,12,55,79,94,19,62,2,92,17,LLLLLLLLDVHIESG,13.333333333333334,26.666666666666668,66.66666666666666,6.666666666666667,73.33333333333333,26.666666666666668,20.0,6.666666666666667,13.333333333333334
10,11,4,4,75,76,76,37,40,54,72,71,LLLLLLLLDVHIESG,13.333333333333334,26.666666666666668,66.66666666666666,6.666666666666667,73.33333333333333,26.666666666666668,20.0,6.666666666666667,13.333333333333334
58,43,12,84,68,32,65,37,11,3,77,27,LLLLLLLLDVHIESG,13.333333333333334,26.666666666666668,66.66666666666666,6.666666666666667,73.33333333333333,26.666666666666668,20.0,6.666666666666667,13.333333333333334
71,71,19,61,24,12,87,26,59,82,4,52,LLLLLLLLDVHIESG,13.333333333333334,26.666666666666668,66.66666666666666,6.666666666666667,73.33333333333333,26.666666666666668,20.0,6.666666666666667,13.333333333333334
60,67,93,75,44,3,21,87,35,40,62,88,LLLLLLLLDVHIESG,13.333333333333334,26.666666666666668,66.66666666666666,6.666666666666667,73.33333333333333,26.666666666666668,20.0,6.666666666666667,13.333333333333334
12,54,6,17,73,72,7,62,26,41,17,58,LLLLLLLLDVHIESG,13.333333333333334,26.666666666666668,66.66666666666666,6.666666666666667,73.33333333333333,26.666666666666668,20.0,6.666666666666667,13.333333333333334
49,11,18,6,58,1,10,61,13,71,54,9,LLLLLLLLDVHIESG,13.333333333333334,26.666666666666668,66.66666666666666,6.666666666666667,73.33333333333333,26.666666666666668,20.0,6.666666666666667,13.333333333333334
53,50,91,21,11,52,20,75,98,71,28,39,LLLLLLLLDVHIESG,13.333333333333334,26.666666666666668,66.66666666666666,6.666666666666667,73.33333333333333,26.666666666666668,20.0,6.666666666666667,13.333333333333334
4,32,57,36,35,52,87,99,67,66,5,77,LLLLLLLLDVHIESG,13.333333333333334,26.666666666666668,66.66666666666666,6.666666666666667,73.33333333333333,26.666666666666668,20.0,6.666666666666667,13.333333333333334
28,91,49,52,61,58,8,47,35,14,60,66,LLLLLLLLDVHIESG,13.333333333333334,26.666666666666668,66.66666666666666,6.666666666666667,73.33333333333333,26.666666666666668,20.0,6.666666666666667,13.333333333333334
10,30,62,86,51,26,75,75,94,88,10,42,LLLLLLLLDVHIESG,13.333333333333334,26.666666666666668,66.66666666666666,6.666666666666667,73.33333333333333,26.666666666666668,20.0,6.666666666666667,13.333333333333334
32,60,19,89,40,77,79,68,72,57,25,68,LLLLLLLLDVHIESG,13.333333333333334,26.666666666666668,66.66666666666666,6.666666666666667,73.33333333333333,26.666666666666668,20.0,6.666666666666667,13.333333333333334
55,93,59,62,3,61,77,77,23,96,79,38,LLLLLLLLDVHIESG,13.333333333333334,26.666666666666668,66.66666666666666,6.666666666666667,73.33333333333333,26.666666666666668,20.0,6.666666666666667,13.333333333333334
84,49,78,13,8,60,90,37,19,70,83,99,LLLLLLLLDVHIESG,13.333333333333334,26.666666666666668,66.66666666666666,6.666666666666667,73.33333333333333,26.666666666666668,20.0,6.666666666666667,13.333333333333334
42,12,40,17,32,98,90,77,79,12,14,0,LLLLLLLLDVHIESG,13.333333333333334,26.666666666666668,66.66666666666666,6.666666666666667,73.33333333333333,26.666666666666668,20.0,6.666666666666667,13.333333333333334
79,38,81,94,79,64,72,7,22,32,6,44,LLLLLLLLDVHIESG,13.333333333333334,26.666666666666668,66.66666666666666,6.666666666666667,73.33333333333333,26.666666666666668,20.0,6.666666666666667,13.333333333333334
37,11,34,53,47,78,89,71,7,79,63,55,LLLLLLLLDVHIESG,13.333333333333334,26.666666666666668,66.66666666666666,6.666666666666667,73.33333333333333,26.666666666666668,20.0,6.666666666666667,13.333333333333334
99,58,18,33,90,28,13,21,82,49,5,31,LLLLLLLLDVHIESG,13.333333333333334,26.666666666666668,66.66666666666666,6.666666666666667,73.33333333333333,26.666666666666668,20.0,6.666666666666667,13.333333333333334
64,82,75,47,59,54,59,47,69,3,49,48,LLLLLLLLDVHIESG,13.333333333333334,26.666666666666668,66.66666666666666,6.666666666666667,73.33333333333333,26.666666666666668,20.0,6.666666666666667,13.333333333333334
55,70,2,30,79,98,86,58,46,61,63,55,LLLLLLLLDVHIESG,13.333333333333334,26.666666666666668,66.66666666666666,6.666666666666667,73.33333333333333,26.666666666666668,20.0,6.666666666666667,13.333333333333334
9,52,38,39,1,56,84,16,24,23,18,94,LLLLLLLLDVHIESG,13.333333333333334,26.666666666666668,66.66666666666666,6.666666666666667,73.33333333333333,26.666666666666668,20.0,6.666666666666667,13.333333333333334
53,57,39,4,74,75,95,38,13,58,64,48,LLLLLLLLDVHIESG,13.333333333333334,26.666666666666668,66.66666666666666,6.666666666666667,73.33333333333333,26.666666666666668,20.0,6.666666666666667,13.333333333333334
95,34,33,74,17,82,46,83,20,23,13,72,LLLLLLLLDVHIESG,13.333333333333334,26.666666666666668,66.66666666666666,6.666666666666667,73.33333333333333,26.666666666666668,20.0,6.666666666666667,13.333333333333334
0,0,46,60,62,48,72,7,1,19,95,30,LLLLLLLLDVHIESG,13.333333333333334,26.666666666666668,66.66666666666666,6.666666666666667,73.33333333333333,26.666666666666668,20.0,6.666666666666667,13.333333333333334
61,90,1,97,62,52,59,65,59,0,43,29,LLLLLLLLDVHIESG,13.333333333333334,26.666666666666668,66.66666666666666,6.666666666666667,73.33333333333333,26.666666666666668,20.0,6.666666666666667,13.333333333333334
56,45,80,91,32,71,21,16,31,98,24,98,LLLLLLLLDVHIESG,13.333333333333334,26.666666666666668,66.66666666666666,6.666666666666667,73.33333333333333,26.666666666666668,20.0,6.666666666666667,13.333333333333334
60,50,98,41,34,78,92,30,62,43,53,89,LLLLLLLLDVHIESG,13.333333333333334,26.666666666666668,66.66666666666666,6.666666666666667,73.33333333333333,26.666666666666668,20.0,6.666666666666667,13.333333333333334
36,69,0,36,27,48,28,11,36,8,2,50,LLLLLLLLDVHIESG,13.333333333333334,26.666666666666668,66.66666666666666,6.666666666666667,73.33333333333333,26.666666666666668,20.0,6.666666666666667,13.333333333333334
17,26,98,45,13,7,27,79,13,68,99,59,LLLLLLLLDVHIESG,13.333333333333334,26.666666666666668,66.66666666666666,6.666666666666667,73.33333333333333,26.666666666666668,20.0,6.666666666666667,13.333333333333334
